﻿<?xml version="1.0" encoding="utf-8" ?>
<Files>
  <Products>
    <Product AssemblyName="WarehouseBatchExportPlugin" ProductFolder="Batch Warehouse Export" version="4.0">
      <WarehouseExtract>
        <File>Plug-ins.xml</File>
        <File>WarehouseBatchExportPlugin.config</File>
        <File>WarehouseExtractSettings.xml</File>
      </WarehouseExtract>
      <LoanDeliveryExport>
        <File>Plug-ins.xml</File>
        <File>WarehouseBatchExportPlugin.config</File>
        <File>LoanDeliverySettings.xml</File>
        <File>GinnieNetMapping.xml</File>
      </LoanDeliveryExport>
      <ServicingBatchExport>
        <File>Plug-ins.xml</File>
        <File>WarehouseBatchExportPlugin.config</File>
        <File>ExportSettings.xml</File>
      </ServicingBatchExport>
      <DMIExport>
        <File>Plug-ins.xml</File>
        <File>WarehouseBatchExportPlugin.config</File>
        <File>DMIServiceSettings.xml</File>
        <File>DMIMapping.xml</File>
      </DMIExport>
      <MISMOExport>
        <File>Plug-ins.xml</File>
        <File>WarehouseBatchExportPlugin.config</File>
        <File>MISMOClosingSettings.xml</File>
      </MISMOExport>
    </Product>
  </Products>
</Files>
